{"start_time": 1555169449.074657, "end_time": 1555182577.7527034, "epoch_durations": [1460.5369300842285, 1131.52849984169, 1133.0074954032898, 1876.3750576972961, 1285.6663799285889, 1141.1289958953857, 1605.1769750118256, 1169.2497935295105, 1149.4523112773895, 1153.452013015747]}