{"start_time": 1554599735.4575255, "end_time": 1554611486.079894, "epoch_durations": [1457.16943693161, 1141.213097333908, 1141.554883480072, 1141.4194974899292, 1144.5701696872711, 1139.448621749878, 1133.095724105835, 1147.8927578926086, 1137.4522323608398, 1132.7799096107483]}