{"start_time": 1554818450.2054002, "end_time": 1554832703.399756, "epoch_durations": [1437.0115139484406, 1378.784342288971, 1387.3142778873444, 1504.1892974376678, 1283.8821811676025, 1459.635563135147, 1614.371083021164, 1336.0108149051666, 1331.4198048114777, 1489.8830206394196]}