{"start_time": 1555068252.7057753, "end_time": 1555081077.241483, "epoch_durations": [1543.9694578647614, 1209.1142778396606, 1170.184164762497, 1166.9538271427155, 1157.2506017684937, 1306.167754650116, 1360.2363667488098, 1551.0199987888336, 1151.4687838554382, 1154.4341292381287]}