{"start_time": 1555051702.0125513, "end_time": 1555063642.8977807, "epoch_durations": [1489.2707779407501, 1175.8310420513153, 1145.2091400623322, 1155.0390839576721, 1149.6088380813599, 1153.5063552856445, 1155.592665195465, 1161.2269382476807, 1148.1706609725952, 1152.7787854671478]}