{"start_time": 1555441177.6365676, "end_time": 1555475223.9909797, "epoch_durations": [2011.3340301513672, 3067.170775413513, 3758.5893852710724, 3558.6326615810394, 3655.5371627807617, 3553.5584313869476, 3558.74245429039, 3617.958485364914, 3617.589988708496, 3615.789108991623]}