{"start_time": 1556026987.240612, "end_time": 1556061995.1370711, "epoch_durations": [2397.492098093033, 2799.220677137375, 3469.1959884166718, 2947.3375034332275, 3364.0307676792145, 2981.795604944229, 3705.441964864731, 3842.587861061096, 3814.3776648044586, 3793.094236135483]}