{"start_time": 1556220748.1431577, "end_time": 1556244047.7730832, "epoch_durations": [2064.3756935596466, 2380.480949163437, 2454.015896320343, 2417.7797553539276, 2252.9708275794983, 2273.4380962848663, 2221.9008753299713, 2303.654429912567, 2276.170027256012, 2621.912875175476]}