{"start_time": 1555672941.639753, "end_time": 1555707626.0638883, "epoch_durations": [2485.6781046390533, 4619.537521362305, 5208.846971750259, 3685.916729450226, 3043.0952076911926, 2993.299092769623, 2829.395330429077, 3259.4952704906464, 3066.8060755729675, 3459.9152443408966]}