{"start_time": 1556267813.2630687, "end_time": 1556292228.9837823, "epoch_durations": [2037.1503875255585, 2226.759207010269, 2717.955461025238, 2273.790296792984, 2823.698578596115, 2365.5552504062653, 2660.588393688202, 2320.11514544487, 2588.0037648677826, 2360.291651248932]}