{"start_time": 1555244845.2227452, "end_time": 1555256896.4256568, "epoch_durations": [1455.5549581050873, 1128.7369456291199, 1138.8161749839783, 1141.3796834945679, 1142.8389954566956, 1144.0214350223541, 1137.0027313232422, 1140.7062072753906, 1159.7247684001923, 1431.4860756397247]}