{"start_time": 1554804219.0826066, "end_time": 1554817386.4418306, "epoch_durations": [1417.4207999706268, 1337.4901695251465, 1363.6351881027222, 1703.5214397907257, 1307.2743327617645, 1449.4157826900482, 1158.4860157966614, 1131.9436190128326, 1137.4284744262695, 1132.9950113296509]}