{"start_time": 1555749435.848847, "end_time": 1555783217.577016, "epoch_durations": [2124.399540424347, 2702.0093564987183, 3801.820979118347, 2907.0605766773224, 3394.791684627533, 3023.302380800247, 3210.2906806468964, 3100.943489551544, 3177.1584815979004, 6307.201674222946]}