{"start_time": 1555264353.1626432, "end_time": 1555278120.2057931, "epoch_durations": [1486.1085765361786, 1445.1509985923767, 1763.0908205509186, 1948.3741822242737, 1362.6391365528107, 1151.9066715240479, 1147.52792096138, 1141.6371629238129, 1142.8642663955688, 1151.8215363025665]}