{"start_time": 1554918336.811897, "end_time": 1554932015.752886, "epoch_durations": [1438.968463897705, 1467.002470254898, 1589.6599860191345, 2077.1873202323914, 1212.9929196834564, 1164.0072820186615, 1171.2727718353271, 1156.79075217247, 1170.8800821304321, 1171.7041461467743]}