{"start_time": 1554559704.1324415, "end_time": 1554578337.5181322, "epoch_durations": [1445.0497484207153, 1333.8501255512238, 1188.6952216625214, 2542.3160383701324, 2578.314606666565, 2576.3768277168274, 2587.968257188797, 1578.7713828086853, 1369.7713675498962, 1406.5836272239685]}