{"start_time": 1555977138.8147707, "end_time": 1556019616.886561, "epoch_durations": [4045.8416635990143, 4253.970345497131, 4247.009665250778, 4254.751310825348, 4253.944900512695, 4255.539922237396, 4246.373251676559, 4256.464981079102, 4318.9750435352325, 4304.048366308212]}