{"start_time": 1554888990.5652332, "end_time": 1554914612.0022268, "epoch_durations": [2134.7811467647552, 2662.540497303009, 2561.2953672409058, 2793.4104146957397, 2587.0166783332825, 2600.1967327594757, 2530.0720493793488, 2551.3451159000397, 2532.4716856479645, 2607.979263782501]}