{"start_time": 1554492511.3377693, "end_time": 1554505387.9861321, "epoch_durations": [1378.976416349411, 1400.4434456825256, 1535.1396305561066, 1434.7700564861298, 1164.241421699524, 1199.942836523056, 1168.112417459488, 1198.8443057537079, 1157.6947755813599, 1212.39981675148]}