{"start_time": 1556389067.0900738, "end_time": 1556414848.8175972, "epoch_durations": [2259.1606447696686, 2499.4392886161804, 3012.100707054138, 2468.4769270420074, 2815.428023815155, 2406.5182461738586, 2730.3052096366882, 2417.990336894989, 2704.7646639347076, 2430.180427789688]}