{"start_time": 1554728904.6737638, "end_time": 1554765603.3660262, "epoch_durations": [2531.8434250354767, 3794.8936705589294, 3781.077714920044, 3780.415142059326, 3781.1787161827087, 3839.164031267166, 3782.401025056839, 3785.1930804252625, 3783.405284881592, 3778.719160556793]}