{"start_time": 1555092043.0751007, "end_time": 1555104426.655813, "epoch_durations": [1458.7589402198792, 1636.4098958969116, 1329.0443258285522, 1141.9084379673004, 1124.4924864768982, 1122.0196270942688, 1137.4497311115265, 1144.4736404418945, 1128.3784952163696, 1131.5787086486816]}