{"start_time": 1554779699.6162336, "end_time": 1554794790.2066534, "epoch_durations": [1436.8877635002136, 1486.8458075523376, 1442.7437996864319, 1681.4637007713318, 1362.0683009624481, 1428.0777115821838, 1656.1935799121857, 1389.8246488571167, 1451.5371689796448, 1694.6139204502106]}