{"start_time": 1555187224.0477195, "end_time": 1555200865.792763, "epoch_durations": [1403.339303970337, 1130.779627084732, 1137.1789746284485, 1147.1078188419342, 1414.7199440002441, 1481.1861300468445, 1494.337860584259, 1532.9269785881042, 1353.7563662528992, 1522.267639875412]}