{"start_time": 1556196240.447781, "end_time": 1556219774.774283, "epoch_durations": [1923.0321707725525, 2545.552917957306, 2184.446862220764, 2627.677390098572, 2314.258276462555, 2655.5967407226562, 2331.3445925712585, 2454.4861330986023, 2030.4033539295197, 2436.5142147541046]}