{"start_time": 1555717215.4699736, "end_time": 1555747580.5124772, "epoch_durations": [1994.2415692806244, 2428.864577770233, 3564.9727120399475, 2959.042026758194, 3386.918866634369, 3073.2219321727753, 3418.724668264389, 3057.9194362163544, 3278.1424770355225, 3169.1582531929016]}