{"start_time": 1555204207.3841462, "end_time": 1555215940.9842799, "epoch_durations": [1454.793344259262, 1140.4772033691406, 1137.096137046814, 1137.4551904201508, 1140.424244403839, 1134.377730846405, 1134.8214225769043, 1155.7414829730988, 1141.7105758190155, 1131.5233211517334]}