{"start_time": 1554507132.4912689, "end_time": 1554521779.6072693, "epoch_durations": [1450.9844994544983, 1416.0162990093231, 1421.297293663025, 1597.4829320907593, 1404.730976343155, 1293.09237241745, 1640.8645799160004, 1412.4173512458801, 1309.7099351882935, 1673.6786534786224]}