{"start_time": 1554536532.5786457, "end_time": 1554553281.9674506, "epoch_durations": [1467.0618741512299, 1584.9553201198578, 1689.6890070438385, 2025.149576663971, 1365.4520723819733, 1667.416888475418, 1797.0677773952484, 1242.7349953651428, 2280.7054789066315, 1603.607263803482]}