{"start_time": 1555111322.030777, "end_time": 1555123120.6670115, "epoch_durations": [1477.2047102451324, 1142.9118330478668, 1144.9456491470337, 1155.5027437210083, 1151.7787456512451, 1135.5390264987946, 1141.237771987915, 1144.1313195228577, 1142.0353291034698, 1138.7961747646332]}