{"start_time": 1555153159.1080384, "end_time": 1555164968.5212107, "epoch_durations": [1481.5581729412079, 1154.8230044841766, 1126.008457660675, 1142.1732513904572, 1141.5725617408752, 1134.197793006897, 1138.379414319992, 1145.8374857902527, 1160.2579624652863, 1156.7643592357635]}