{"start_time": 1556436935.765661, "end_time": 1556460270.4118025, "epoch_durations": [1999.3385789394379, 2017.2003860473633, 2333.6811559200287, 2098.059617996216, 2516.371567249298, 2334.633068561554, 2634.312230348587, 2364.7046887874603, 2577.959801673889, 2422.524497270584]}