{"start_time": 1554861196.4005992, "end_time": 1554873872.3360763, "epoch_durations": [1549.6414897441864, 1355.9041860103607, 1213.9697697162628, 1240.0643906593323, 1210.1230099201202, 1211.18132853508, 1225.6948578357697, 1212.220360994339, 1207.7860612869263, 1211.4798057079315]}